,Allison Schmidt,Ryan Moreno,Robert Bridges DDS,Joshua Maynard,Philip Sims,Lindsey Sanders,Dustin Hall,Roy Vasquez,Victor Fox,Colleen Howard,George Davila,Sharon Smith,Erik Petersen,John Stuart,Alejandra Lopez,Susan Flores,Eric Wallace,Bryan Jones,Jessica Potter,Evan Hunt,James Harper,Jenna Torres,Earl Carney,Nichole Jefferson,Jessica Oconnor,Justin Johnson,Shaun Holmes,Ronald Lewis,Sydney Gutierrez,Andrea Cole,Molly Bailey,Stephanie Shannon,Matthew Stewart,Michael Rice,Tony Jones,Colin Guzman,Melissa Gray,Kelly Collins,Brett Hutchinson,Linda Gomez,Kyle Murray,Pamela Larson,Melissa Chen,Diana Reyes,Pamela Macdonald,Jonathan Jennings,Jill Stone,Sean Boone,Morgan Kennedy DDS,Matthew Gill,Dylan Wall,Justin Sanchez,Isaac Shaw,Susan Riley MD,Kathleen Duncan,Amy Murphy,Brooke Franklin,Jason Mccall,Michelle Rivera,Rebecca Kelly,Philip Barnes,Samuel Roberson,Jessica Ramirez,Thomas Ruiz,Dennis Williams,Eric Vargas,Rebecca Ballard,Christina Ross,Alexandra Christensen,William Berger PhD,Dustin Henry,Barry Vaughn,Robert Gill,Benjamin Carpenter,Rachel Duran,Karen Edwards,Emily Benitez,Jamie Key,Randy Woodard,Michael Baker
Allison Schmidt,0.0,0.78886366,0.4828244,0.57815474,0.60479,0.5806773,0.38430285,0.37959656,0.37898216,0.35843167,0.38718936,0.4241494,0.6826177,0.66575396,0.7007936,0.8090909,0.33770415,0.6626774,0.4690735,0.68437254,0.5450617,0.31494066,0.8090909,0.68437254,0.6493243,0.26614487,0.6826177,0.7405337,0.4684411,0.5546269,0.5565812,0.39661494,0.68437254,0.67095345,0.8090909,0.7520396,0.48487327,0.66554475,0.48911092,0.5940734,0.8090909,0.7405337,0.68437254,0.39642975,0.5940734,0.66575396,0.68437254,0.7007936,0.66554475,0.66575396,0.57409704,0.41407415,0.5815341,0.5940734,0.5940734,0.57409704,0.7007936,0.5118798,0.5940734,0.43239462,0.5255952,0.8090909,0.8425513,0.39661494,0.4908088,0.53574944,0.5662732,0.2882386,0.36775973,0.8090909,0.5338696,0.3227664,0.7464827,0.47068837,0.6519549,0.61010927,1.0,0.49444884,0.6592739,0.69316244
Ryan Moreno,0.45922902,0.0,0.22215404,0.3556044,0.33556336,0.30477813,0.23637234,0.23347767,0.22835602,0.21520582,0.18132235,0.2863809,0.31408167,0.36443365,0.38361436,0.37227368,0.1867227,0.31033453,0.25515887,0.37227368,0.25030816,0.17131624,0.37227368,0.31488907,0.43841642,0.17049527,0.31408167,0.5,0.31628615,0.25519133,0.25559825,0.19670717,0.37227368,0.37227368,0.37227368,0.34602362,0.32738096,0.33008698,0.28064904,0.32315427,0.44891828,0.45922902,0.37227368,0.25082478,0.32315427,0.36443365,0.43841642,0.32182476,0.33008698,0.36443365,0.28714857,0.24789916,0.32266003,0.32315427,0.32315427,0.28714857,0.38361436,0.30733752,0.32315427,0.23991105,0.24136856,0.44891828,0.386924,0.19670717,0.27232173,0.24650557,0.58174604,0.1326225,0.20004788,0.37227368,0.36046273,0.21792822,0.3434668,0.26115808,0.32857144,0.30515707,0.45922902,0.27066123,0.30334085,0.31893343
Robert Bridges DDS,1.0,0.975,0.0,0.6980235,0.7474932,0.7045489,0.46398032,0.45829827,0.5226454,0.4143949,0.4191589,0.65544873,1.0,0.71535456,0.7530048,1.0,0.36994487,0.71739346,0.5898452,0.8605769,0.5621053,0.39602798,0.8605769,0.78146344,0.7104176,0.33466882,0.77945966,0.7470286,0.51251554,0.633311,0.57926875,0.5527758,0.8605769,0.8292683,1.0,0.7998952,0.48912588,0.7352941,0.61504155,0.7470286,1.0,0.7405337,0.8605769,0.49849793,0.7470286,0.71535456,0.8605769,0.7007936,0.7352941,0.71535456,0.59749854,0.5206852,0.71875,0.7470286,0.7470286,0.59749854,0.7530048,0.5918014,0.7470286,0.5344203,0.5420301,1.0,0.8768956,0.5527758,0.6066176,0.5698415,0.5672024,0.35625,0.4624463,1.0,0.5385519,0.35671642,0.92261904,0.5817497,0.74444675,0.8605769,1.0,0.5312867,0.7012264,0.85671765
Joshua Maynard,0.80958337,0.7893438,0.54327303,0.0,0.6155407,0.6628008,0.6647059,0.65656567,0.42998138,0.38983986,0.3943216,0.5392389,0.7651538,0.83125,0.875,0.80958337,0.3852751,0.67488426,0.576555,0.80958337,0.60521483,0.3725613,0.80958337,0.68478906,0.8255132,0.3888889,0.7651538,0.8255132,0.5955488,0.62168753,0.46896634,0.4753735,0.80958337,0.6828803,0.80958337,0.7524974,0.5405146,0.5952819,0.66654396,0.80958337,0.80958337,0.5995238,0.80958337,0.5805577,0.80958337,0.83125,1.0,0.70208335,0.5952819,0.83125,0.65496767,0.48983198,0.581888,0.87,0.80958337,0.65496767,0.875,0.55673414,0.80958337,0.4326578,0.58360004,0.80958337,0.7099201,0.4753735,0.49110755,0.5360755,0.4591976,0.28841406,0.5385715,0.80958337,0.5951335,0.38206884,0.74693704,0.4790553,0.65235174,0.6636248,0.80958337,0.6173611,0.6596752,0.6935844
Philip Sims,0.66975904,0.6530151,0.4005789,0.543249,0.0,0.5483275,0.3611008,0.35667863,0.37048125,0.32251006,0.32621774,0.4646199,0.7782675,0.5567372,0.5860392,0.66975904,0.37416708,0.55832404,0.45905733,0.66975904,0.53007,0.30821568,0.66975904,0.5665181,0.56367826,0.26046184,0.5650655,0.64285713,0.51313776,0.4629667,0.38797048,0.43020743,0.66975904,0.564939,0.66975904,0.66601735,0.64285713,0.569858,0.47866684,0.58138806,0.66975904,0.49597913,0.66975904,0.38796473,0.58138806,0.5567372,0.66975904,0.47022668,0.569858,0.5567372,0.43867052,0.40523237,0.4813893,0.58138806,0.58138806,0.636084,0.5860392,0.46057978,0.58138806,0.39433277,0.5111389,0.66975904,0.58730876,0.43020743,0.40628764,0.4434891,0.37988892,0.23860165,0.3599069,0.66975904,0.46345207,0.42793176,0.61793244,0.7782675,0.5396831,0.66975904,0.66975904,0.4134832,0.58386266,0.57379436
Lindsey Sanders,0.9027778,0.8802084,0.538732,0.7322531,0.6863981,0.0,0.58817047,0.48077226,0.4359524,0.58817047,0.43971354,0.5467271,0.7980769,0.839972,0.7899306,0.9027778,0.51032436,0.75257295,0.61876994,0.9027778,0.58583647,0.4871795,0.9027778,0.76361793,0.83697677,0.35108027,0.7616599,0.95454544,0.603819,0.6188487,0.52295095,0.5126301,0.9027778,0.7614894,0.9027778,0.8391204,0.625,0.679036,0.6452019,0.8333333,0.9027778,0.6685374,0.9027778,0.5229432,0.7836613,0.75043404,0.9027778,0.6338253,0.679036,0.75043404,0.66184,0.553476,0.64887154,0.7836613,0.7836613,0.66184,0.7899306,0.839972,0.95454544,0.4824628,0.5952381,0.9027778,0.7916419,0.5126301,0.5476409,0.5977853,0.5120577,0.32161456,0.4851237,0.9027778,0.6881561,0.41604477,0.83291996,0.5342013,0.72744656,0.7980769,0.9027778,0.5573399,0.73561305,0.77342564
Dustin Hall,0.60943633,0.59420043,0.40896386,0.75277776,0.47555286,0.4989417,0.0,0.49424803,0.32368043,0.469457,0.29683653,0.40592706,0.59854335,0.62574655,0.65868056,0.60943633,0.50339365,0.50803787,0.47059345,0.60943633,0.713141,0.28045586,0.60943633,0.60008204,0.62142795,0.2927469,0.59854335,0.68767166,0.4483159,0.48631647,0.37404087,0.41186213,0.60943633,0.5275779,0.60943633,0.56646323,0.4502612,0.44811493,0.50175947,0.68767166,0.60943633,0.45130816,0.60943633,0.4370309,0.60943633,0.62574655,0.75277776,0.5572324,0.44811493,0.62574655,0.4930451,0.398734,0.43803236,0.65491664,0.60943633,0.8557692,0.65868056,0.41909707,0.68767166,0.32569516,0.68767166,0.60943633,0.534412,0.41186213,0.36969483,0.4035457,0.34567374,0.21711169,0.4054246,0.60943633,0.49576,0.29972613,0.56227756,0.46417025,0.5716571,0.5150926,0.60943633,0.46473572,0.4965888,0.5221149
Roy Vasquez,0.59626037,0.5813539,0.3682184,0.67777777,0.4533474,0.660473,0.45052287,0.0,0.50490195,0.45022625,0.29041892,0.36997512,0.52710825,0.5634028,0.59305555,0.59626037,0.3906375,0.4970541,0.4142508,0.59626037,0.6277589,0.32176888,0.59626037,0.52823615,0.55951446,0.26358023,0.52688164,0.6304515,0.4086097,0.42809135,0.345395,0.6646859,0.59626037,0.50294316,0.59626037,0.5542164,0.5119048,0.44848496,0.4517687,0.60533893,0.59626037,0.4415509,0.59626037,0.3934891,0.5487176,0.5634028,0.67777777,0.4905167,0.5130399,0.5634028,0.4439225,0.36555594,0.42856213,0.58966666,0.5487176,0.4439225,0.59305555,0.5547788,0.6304515,0.31865364,0.60533893,0.59626037,0.5228581,0.6646859,0.36170205,0.39482108,0.3382003,0.21241775,0.36503175,0.59626037,0.45450854,0.3407605,0.5501212,0.35282555,0.5032144,0.52710825,0.59626037,0.41843364,0.4858526,0.5108268
Victor Fox,0.58147514,0.5669383,0.34699485,0.60218006,0.44210595,0.47605002,0.5656109,0.6010101,0.0,0.5656109,0.33974448,0.49278846,0.5353485,0.7424138,0.52690756,0.58147514,0.4907506,0.58147514,0.40825853,0.58147514,0.61867815,0.2675884,0.58147514,0.5205951,0.5231032,0.23418115,0.51926017,0.59658253,0.3773816,0.42189887,0.33683038,0.39948294,0.58147514,0.4904719,0.58147514,0.5404737,0.39061952,0.45549607,0.41557166,0.59658253,0.58147514,0.43060195,0.58147514,0.36275238,0.50475276,0.50671405,0.60218006,0.48342124,0.45549607,0.50671405,0.7424138,0.3518169,0.41793525,0.5238967,0.50475276,0.7424138,0.52690756,0.40051955,0.59658253,0.31519613,0.59658253,0.58147514,0.509893,0.39948294,0.35273308,0.42889446,0.32981408,0.2071505,0.324317,0.58147514,0.43009153,0.26002434,0.53648,0.40268615,0.4959353,0.5353485,0.58147514,0.37176257,0.4738051,0.49816
Colleen Howard,0.60943633,0.59420043,0.40896386,0.75277776,0.4775173,0.53121376,1.0,0.8042929,0.5727124,0.0,0.5037879,0.40592706,0.60101587,0.62574655,0.65868056,0.60943633,0.86764705,0.50803787,0.47253743,0.60943633,0.7160869,0.28045586,0.60943633,0.60256094,0.62142795,0.2927469,0.60101587,0.69051236,0.4483159,0.4883254,0.37558597,0.53460217,0.60943633,0.5297572,0.60943633,0.56646323,0.4521212,0.44811493,0.50175947,0.69051236,0.60943633,0.45130816,0.60943633,0.64134616,0.60943633,0.62574655,0.75277776,0.5595342,0.44811493,0.62574655,0.4930451,0.40038115,0.51516545,0.65491664,0.60943633,0.8593043,0.65868056,0.4489867,0.69051236,0.32569516,0.69051236,0.60943633,0.534412,0.53460217,0.36969483,0.4035457,0.34567374,0.29463848,0.4054246,0.60943633,0.49780792,0.30096427,0.56227756,0.46608767,0.5740186,0.51722044,0.60943633,0.46473572,0.4965888,0.5221149
George Davila,0.8327616,0.8119426,0.49694985,0.6754622,0.6331635,0.68177664,0.44898367,0.4434853,0.47625253,0.4174208,0.0,0.44905746,0.76670116,0.7256922,0.72866637,0.8327616,0.36217394,0.8327616,0.57078034,0.8327616,0.5404011,0.38322765,0.8327616,0.70439446,0.68745565,0.32385173,0.70258826,0.72288334,0.49595016,0.570853,0.48239276,0.49247643,0.8327616,0.70243096,0.8327616,0.77404124,0.4733165,0.6523403,0.59516233,0.72288334,0.8327616,0.616688,0.8327616,0.4823856,0.72288334,0.7256922,0.8327616,0.58466804,0.6523403,0.7256922,0.5717954,0.50385576,0.5985474,0.72288334,0.72288334,0.5717954,0.72866637,0.5726733,0.72288334,0.4514092,0.52110106,0.8327616,0.730245,0.49247643,0.50516784,0.55142325,0.47234437,0.2966713,0.44749922,0.8327616,0.521145,0.31817225,0.7683217,0.49277055,0.67102844,0.76670116,0.8327616,0.5141146,0.67856157,0.71344155
Sharon Smith,0.76895785,0.7497339,0.48297215,0.65024805,0.6931301,0.6295409,0.45101,0.4792368,0.79738563,0.45101,0.37453425,0.0,0.64875805,0.666393,0.70146626,0.76895785,0.3913175,0.6410181,0.5270489,0.76895785,0.52736,0.3538659,0.76895785,0.65042585,0.80167574,0.31176278,0.64875805,0.9142857,0.6375,0.5271159,0.44543326,0.40487683,0.76895785,0.76895785,0.76895785,0.71473646,0.5986395,0.5654102,0.54956275,0.8015873,0.76895785,0.6121529,0.76895785,0.45865104,0.6674982,0.666393,0.80167574,0.56284314,0.5654102,0.666393,0.5919901,0.46525186,0.66647726,0.6674982,0.6674982,0.5919901,0.70146626,0.5287968,0.8015873,0.49555337,0.57256234,0.92727274,0.6742958,0.40487683,0.5625,0.5091748,0.62777776,0.27394122,0.41321316,0.76895785,0.6591318,0.3984973,0.70945513,0.53944063,0.9142857,0.63032365,0.76895785,0.5708333,0.6265722,0.65877974
Erik Petersen,0.8605769,0.8390625,0.5147059,0.6980235,0.654312,0.7045489,0.46398032,0.45829827,0.41027403,0.4143949,0.4191589,0.46405658,0.0,0.71535456,0.7530048,0.8605769,0.35954848,0.71739346,0.5898452,0.8605769,0.55845124,0.39602798,0.8605769,0.72792214,0.7104176,0.33466882,0.7260557,0.7470286,0.51251554,0.5899202,0.49850532,0.5527758,0.8605769,0.72589314,0.8605769,0.7998952,0.48912588,0.73221356,0.61504155,0.7470286,0.8605769,0.63728625,0.8605769,0.49849793,0.7470286,0.71535456,0.8605769,0.6041967,0.73221356,0.71535456,0.5636501,0.5206852,0.6185397,0.7470286,0.7470286,0.5636501,0.7530048,0.5918014,0.7470286,0.50668025,0.5385065,0.8605769,0.7546361,0.5527758,0.52204114,0.5698415,0.4881213,0.3065805,0.4624463,0.8605769,0.5385519,0.32879964,0.79398465,0.5092297,0.6934417,0.8605769,0.8605769,0.5312867,0.7012264,0.7372714
John Stuart,0.5525126,0.5386998,0.35744455,0.6390996,0.437855,0.45233858,0.42481324,0.41961086,0.48473206,0.37776008,0.26911083,0.3626492,0.55109584,0.0,0.55921215,0.5525126,0.46348885,0.46058515,0.43328875,0.5525126,0.6566092,0.25426018,0.5525126,0.5525126,0.55517447,0.24853873,0.55109584,0.63315886,0.40051875,0.44776538,0.34439006,0.37921315,0.5525126,0.48575592,0.5525126,0.5135534,0.4145683,0.40625927,0.42598802,0.63315886,0.5525126,0.4091542,0.5525126,0.3710342,0.51740444,0.63461536,0.6390996,0.5130597,0.40625927,0.53125155,0.787931,0.36712575,0.39711842,0.5560167,0.51740444,0.787931,0.55921215,0.5394829,0.63315886,0.29527396,0.63315886,0.5525126,0.48449585,0.37921315,0.33516386,0.45518988,0.31338647,0.19683261,0.34420082,0.5525126,0.45646033,0.27596638,0.50975865,0.42737472,0.52634096,0.47426042,0.5525126,0.39455524,0.45020548,0.4733473
Alejandra Lopez,0.7463122,0.7276544,0.44536126,0.6619643,0.5674345,0.6110011,0.44001156,0.43462303,0.46049544,0.3593728,0.4360555,0.46471688,0.68710953,0.95,0.0,0.7463122,0.44031438,0.7463122,0.51152736,0.7463122,0.6240741,0.34344462,0.7463122,0.6312709,0.6262514,0.29501915,0.62965226,0.6630201,0.45179564,0.51159245,0.43231535,0.44135222,0.7463122,0.62951124,0.7463122,0.6936876,0.4341203,0.5846205,0.53337824,0.64784044,0.7463122,0.55266935,0.7463122,0.43401855,0.64784044,0.95,0.7586207,0.802381,0.5846205,0.95,0.74853444,0.45155025,0.54004264,0.64784044,0.64784044,0.74853444,1.0,0.5132238,0.64784044,0.4045482,0.6017857,0.75136364,0.6544379,0.44135222,0.45579043,0.4941797,0.42331007,0.2658737,0.4010441,0.7463122,0.47798803,0.28984532,0.68856186,0.4416158,0.6630201,0.68710953,0.7463122,0.70555556,0.6081197,0.63937885
Susan Flores,1.0,0.975,0.50556284,0.6726287,0.7474932,0.6789167,0.44710025,0.4416249,0.39534786,0.39931878,0.40390947,0.44717374,0.77945966,0.69852936,0.7352941,0.0,0.36994487,0.691294,0.568386,0.8292683,0.5621053,0.38162008,0.8292683,0.78146344,0.6845719,0.32249323,0.77945966,0.74444675,0.49386972,0.633311,0.5565812,0.43818033,0.8292683,0.8292683,0.8292683,0.7707942,0.48743537,0.7352941,0.59266573,0.71985096,1.0,0.7405337,0.8292683,0.48036206,0.71985096,0.69852936,0.8292683,0.7007936,0.7352941,0.69852936,0.57409704,0.5017422,0.71875,0.71985096,0.71985096,0.57409704,0.7352941,0.5702711,0.71985096,0.5344203,0.5420301,1.0,0.8425513,0.43818033,0.6066176,0.5491101,0.5672024,0.29542682,0.44562203,0.8292683,0.5366906,0.35671642,0.7650987,0.5817497,0.74444675,0.6797608,1.0,0.51879084,0.6757151,0.71044874
Eric Wallace,0.694477,0.67711514,0.44928753,0.56628644,0.55035895,0.56856394,0.7522625,0.60503936,0.43083006,0.7522625,0.37898073,0.45582947,0.6926963,0.6126426,0.6448869,0.694477,0.0,0.5789294,0.54461944,0.694477,0.82532054,0.31959063,0.694477,0.694477,0.69782287,0.27137554,0.6926963,0.7958448,0.50342935,0.5628157,0.4328788,0.47664946,0.694477,0.6105677,0.694477,0.64550745,0.52108884,0.5106449,0.5119848,0.7958448,0.694477,0.51428366,0.694477,0.48246065,0.6218561,0.6126426,0.69782287,0.6448869,0.5106449,0.6126426,0.5331001,0.46145624,0.59375,0.6218561,0.6218561,0.99038464,0.6448869,0.47757784,0.7958448,0.37114263,0.7958448,0.694477,0.6089839,0.47664946,0.421282,0.45985642,0.39390904,0.33958334,0.38495854,0.694477,0.5737448,0.34687406,0.6407377,0.5371858,0.66158074,0.59611845,0.694477,0.45500356,0.56588274,0.5949707
Bryan Jones,1.0,0.975,0.59674925,0.8111111,0.76031786,0.8186937,0.5391503,0.5325477,0.5718954,0.48153147,0.5842803,0.5392389,0.9206731,0.87142855,0.875,1.0,0.41779935,0.0,0.6854067,1.0,0.64892656,0.46018893,1.0,0.8458537,0.8255132,0.3888889,0.8436848,0.8680556,0.5955488,0.6854939,0.57926875,0.59137744,1.0,0.8434959,1.0,0.92948717,0.56836975,0.78334576,0.71468514,0.8680556,1.0,0.7405337,1.0,0.5792602,0.8680556,0.87142855,1.0,0.70208335,0.78334576,0.87142855,0.6866256,0.60504204,0.71875,0.8680556,0.8680556,0.6866256,0.875,0.6876798,0.8680556,0.54206294,0.6257506,1.0,0.8768956,0.59137744,0.6066176,0.6621622,0.5672024,0.35625,0.53736776,1.0,0.62580335,0.38206884,0.92261904,0.59173065,0.80578697,0.9206731,1.0,0.6173611,0.8148329,0.85671765
Jessica Potter,1.0,0.975,0.59674925,0.8111111,0.76031786,0.8186937,0.5391503,0.5325477,0.476743,0.48153147,0.4870673,0.5727618,0.8436848,0.83125,0.875,1.0,0.41779935,0.83361924,0.0,1.0,0.64892656,0.46018893,1.0,0.8458537,0.87683284,0.3888889,0.8436848,1.0,0.6325723,0.6854939,0.57926875,0.5265267,1.0,0.8434959,1.0,0.92948717,0.6547619,0.7352941,0.71468514,0.8730159,1.0,0.7405337,1.0,0.5792602,0.8680556,0.83125,1.0,0.70208335,0.7352941,0.83125,0.65496767,0.60504204,0.71875,0.8680556,0.8680556,0.65496767,0.875,0.6876798,1.0,0.5344203,0.6257506,1.0,0.8768956,0.5265267,0.6066176,0.6621622,0.5672024,0.35625,0.53736776,1.0,0.72092545,0.43585643,0.92261904,0.59173065,0.80578697,0.81971157,1.0,0.6173611,0.8148329,0.85671765
Evan Hunt,1.0,0.975,0.59674925,0.8111111,0.76031786,0.8186937,0.5391503,0.5325477,0.476743,0.48153147,0.4870673,0.5392389,0.8436848,0.83125,0.875,1.0,0.41779935,0.83361924,0.6854067,0.0,0.64892656,0.46018893,1.0,0.8458537,0.8255132,0.3888889,0.8436848,0.8680556,0.5955488,0.6854939,0.57926875,0.5265267,1.0,0.8434959,1.0,0.92948717,0.56836975,0.7352941,0.71468514,0.8680556,1.0,0.7405337,1.0,0.5792602,0.8680556,0.83125,1.0,0.70208335,0.7352941,0.83125,0.65496767,0.60504204,0.71875,0.8680556,0.8680556,0.65496767,0.875,0.6876798,0.8680556,0.5344203,0.6257506,1.0,0.8768956,0.5265267,0.6066176,0.6621622,0.5672024,0.35625,0.53736776,1.0,0.62580335,0.38206884,0.92261904,0.59173065,0.80578697,0.81971157,1.0,0.6173611,0.8148329,0.85671765
James Harper,0.8414634,0.8204268,0.5443795,0.68580854,0.6668426,0.68890077,0.45586094,0.45027837,0.4404009,0.4051911,0.40984932,0.552306,0.83930576,0.7423087,0.78137755,0.8414634,0.35156286,0.70146006,0.6598884,0.8414634,0.0,0.38723212,0.8414634,0.8414634,0.8455174,0.3288123,0.83930576,0.96428573,0.60998046,0.6819359,0.5244978,0.57753253,0.8414634,0.73979455,0.8414634,0.7821294,0.6313776,0.6187231,0.6203467,0.96428573,0.8414634,0.623132,0.8414634,0.5027978,0.7534722,0.7423087,0.8455174,0.78137755,0.6187231,0.7423087,0.584888,0.5591237,0.60480183,0.7534722,0.7534722,0.58653843,0.78137755,0.5786574,0.96428573,0.44969514,0.96428573,0.8414634,0.7378755,0.57753253,0.51044655,0.55718523,0.47728005,0.2997713,0.4664352,0.8414634,0.69517815,0.42029014,0.77635014,0.51898193,0.8016046,0.7222872,0.8414634,0.5513053,0.6856521,0.72089654
Jenna Torres,0.6231343,0.607556,0.37185493,0.57752293,0.5902467,0.51015615,0.38388288,0.37918177,0.3708639,0.30005878,0.30350834,0.46509978,0.52572894,0.59186214,0.6230128,0.6231343,0.2743215,0.51945674,0.42710042,0.6231343,0.4043684,0.0,0.6231343,0.5270805,0.7120146,0.27689457,0.52572894,0.8120301,0.5136677,0.42715475,0.38112885,0.32809684,0.6231343,0.5256112,0.6231343,0.5791953,0.53168637,0.45818698,0.4557909,0.5409152,0.6231343,0.4796629,0.6231343,0.40735453,0.5409152,0.59186214,0.7120146,0.4998936,0.4962526,0.59186214,0.46634653,0.40260315,0.4478778,0.5409152,0.5409152,0.46634653,0.6230128,0.4285169,0.5409152,0.33301562,0.38992667,0.6231343,0.54642373,0.32809684,0.37800425,0.41261598,0.36678985,0.2219916,0.33485228,0.6231343,0.58541316,0.6231343,0.5749156,0.4593698,0.8120301,0.5107904,0.6231343,0.43957013,0.50775033,0.5338502
Earl Carney,1.0,0.975,0.59674925,0.6860813,0.7474932,0.6924951,0.45604226,0.45045745,0.46840492,0.40730518,0.47854865,0.46152398,0.8436848,0.7137344,0.74012196,1.0,0.36994487,0.81903946,0.57975376,0.8458537,0.6084211,0.3892525,0.0,0.8458537,0.70654047,0.3289431,0.8436848,0.80578697,0.50971854,0.6854939,0.57926875,0.4843615,0.8458537,0.8292683,1.0,0.92948717,0.5275986,0.7352941,0.6045191,0.73424804,1.0,0.7405337,0.8458537,0.48996934,0.73424804,0.7137344,0.8458537,0.7007936,0.7352941,0.7137344,0.59749854,0.51177704,0.71875,0.73424804,0.73424804,0.59749854,0.74012196,0.58167654,0.73424804,0.5344203,0.5866918,1.0,0.8768956,0.4843615,0.6066176,0.6621622,0.5672024,0.35625,0.45453453,1.0,0.58091235,0.35671642,0.92261904,0.5817497,0.80578697,0.7540676,1.0,0.5221972,0.8148329,0.85671765
Nichole Jefferson,1.0,0.975,0.64694375,0.8111111,0.7924796,0.8186937,0.5391503,0.5325477,0.476743,0.48153147,0.4870673,0.54563093,0.99743587,0.83125,0.875,1.0,0.41779935,0.83361924,0.6854067,1.0,0.71929824,0.46018893,1.0,0.0,0.83529866,0.3888889,0.99743587,0.9526316,0.6026083,0.81041664,0.57926875,0.5513584,1.0,0.87917614,1.0,0.92948717,0.6237469,0.7352941,0.71468514,0.8680556,1.0,0.7405337,1.0,0.5792602,0.8680556,0.83125,1.0,0.70208335,0.7352941,0.83125,0.65496767,0.60504204,0.71875,0.8680556,0.8680556,0.65496767,0.875,0.6876798,0.8680556,0.5344203,0.69360906,1.0,0.8768956,0.5513584,0.6066176,0.6621622,0.5672024,0.35625,0.53736776,1.0,0.68677634,0.4152106,0.92261904,0.61676115,0.9526316,0.8583703,1.0,0.6173611,0.8148329,0.85671765
Jessica Oconnor,0.7214286,0.70339286,0.44065478,0.8111111,0.53926295,0.5376051,0.5391503,0.5325477,0.52086556,0.31620345,0.38154858,0.6532166,0.6510093,0.83125,0.875,0.7214286,0.3852751,0.6530232,0.576555,0.65666205,0.54606485,0.3021886,0.65666205,0.6526829,0.0,0.3888889,0.6510093,1.0,0.7214286,0.5289451,0.41790104,0.41534185,0.65666205,0.59825784,0.7214286,0.61035895,0.6547619,0.5304622,0.5612981,0.65666205,0.7214286,0.590696,0.65666205,0.57211536,0.65666205,0.83125,1.0,0.70208335,0.6969697,0.83125,0.65496767,0.49579832,0.5185268,0.70566666,0.65666205,0.65496767,0.875,0.45157325,0.65666205,0.3855461,0.5265625,0.7214286,0.63261753,0.41534185,0.43763128,0.43481678,0.4516949,0.2570089,0.43684128,0.7214286,0.72092545,0.43585643,0.66560376,0.41969085,0.6571429,0.60122085,0.7214286,0.6173611,0.5350699,0.71428573
Justin Johnson,0.9824627,0.9579012,0.58628386,0.7968864,0.93061054,0.804336,0.52969503,0.52320826,0.46838224,0.4730867,0.47852546,0.5297821,0.82888883,0.81667215,0.85965484,0.9824627,0.41047227,0.8189998,0.6733865,0.9824627,0.6375461,0.45211846,0.9824627,0.8310197,0.81103593,0.0,0.82888883,0.85283226,0.58510447,0.67347217,0.60090554,0.51729286,0.9824627,0.8287033,0.9824627,0.9131865,0.5982496,0.75840336,0.7021515,0.85283226,0.9824627,0.72754675,0.9824627,0.5691015,0.85283226,0.81667215,0.9824627,0.6897707,0.75840336,0.81667215,0.6434813,0.5944312,0.70614505,0.85283226,0.85283226,0.6434813,0.85965484,0.6756198,0.85283226,0.525048,0.6147766,0.9824627,0.86151725,0.51729286,0.5959792,0.65054965,0.5572552,0.35000232,0.5279438,0.9824627,0.61482847,0.9824627,0.9064388,0.7242639,0.79165566,0.80533606,0.9824627,0.6065343,0.80054295,0.84169316
Shaun Holmes,0.8814363,0.8594004,0.64860684,0.71494275,0.79451686,0.72162634,0.47522664,0.46940687,0.4202186,0.4244393,0.42931882,0.47530475,1.0,0.7326939,0.77125674,0.8814363,0.36826354,0.7347822,0.6041423,0.8814363,0.582807,0.40562722,0.8814363,0.8102439,0.7276373,0.3427808,0.0,0.77186394,0.52493834,0.8125,0.53194445,0.5527758,0.8814363,0.8814363,0.8814363,0.8192837,0.5223214,0.73221356,0.62994945,0.7651357,0.8814363,0.65273327,0.8814363,0.51058096,0.7651357,0.7326939,0.8814363,0.61884177,0.73221356,0.7326939,0.57731223,0.533306,0.63353235,0.7651357,0.7651357,0.57731223,0.77125674,0.606146,0.7651357,0.50668025,0.5619925,0.8814363,0.7729276,0.5527758,0.5346948,0.6171171,0.49995276,0.31401166,0.47365546,0.8814363,0.5564563,0.34769455,0.8132299,0.6183467,0.77186394,0.8605769,0.8814363,0.5441645,0.71822333,0.75514203
Ronald Lewis,0.6325723,0.616758,0.38638058,0.7112088,0.4728435,0.47138977,0.47274467,0.46695533,0.45671204,0.27725756,0.3345543,0.5727618,0.57082635,0.7288673,0.7672287,0.6325723,0.33782184,0.57259214,0.5055424,0.57578284,0.47880757,0.26496887,0.57578284,0.5722938,0.87683284,0.34099054,0.57082635,0.0,0.6325723,0.47154018,0.36642936,0.36418536,0.57578284,0.52457213,0.6325723,0.5351828,0.6547619,0.46512666,0.5612981,0.57578284,0.6325723,0.590696,0.57578284,0.50164956,0.57578284,0.7288673,0.87683284,0.6156097,0.6111259,0.7288673,0.57429713,0.49579832,0.45466134,0.6187517,0.57578284,0.57429713,0.7672287,0.39595425,0.57578284,0.33805948,0.4617073,0.6325723,0.55469984,0.36418536,0.38372952,0.43429592,0.4516949,0.22535387,0.3830368,0.6325723,0.72092545,0.43585643,0.58362323,0.36799872,0.6571429,0.5271702,0.6325723,0.54132247,0.46916682,0.6263092
Sydney Gutierrez,1.0,0.975,0.59674925,0.6726287,0.7474932,0.6789167,0.44710025,0.4416249,0.72199184,0.4083664,0.40390947,0.90544873,0.77945966,0.69852936,0.7352941,1.0,0.36994487,0.691294,0.568386,0.8292683,0.5621053,0.38162008,0.8292683,0.78146344,0.77244794,0.32249323,0.77945966,0.88095236,0.0,0.63443583,0.57926875,0.43818033,0.8292683,0.8292683,1.0,0.7707942,0.88095236,0.7352941,0.59266573,0.72579616,1.0,0.7405337,0.8292683,0.48036206,0.71985096,0.69852936,0.8292683,0.7007936,0.7352941,0.69852936,0.59749854,0.5017422,0.71875,0.71985096,0.71985096,0.59749854,0.7352941,0.5702711,0.72579616,0.5344203,0.5420301,1.0,0.8768956,0.43818033,0.6066176,0.5843254,0.5684206,0.35625,0.44562203,1.0,0.63510096,0.586425,0.92261904,0.5817497,0.82783884,0.6797608,1.0,0.51879084,0.6757151,0.85671765
Andrea Cole,0.51313776,0.50030935,0.30621457,0.45720568,0.41428572,0.35034505,0.3039073,0.30018556,0.37048125,0.23756804,0.21507064,0.4646199,0.39997017,0.46855757,0.49321848,0.51313776,0.21717119,0.36809498,0.32499152,0.42793176,0.30780488,0.19692945,0.42793176,0.4009984,0.56367826,0.21920821,0.39997017,0.64285713,0.51313776,0.0,0.29724467,0.23411916,0.42793176,0.42552885,0.51313776,0.39775708,0.64285713,0.37730718,0.36083448,0.37243336,0.51313776,0.4364149,0.42793176,0.322489,0.37146854,0.46855757,0.56367826,0.39574912,0.39286664,0.46855757,0.36919102,0.3187275,0.36881778,0.39776894,0.37146854,0.36919102,0.49321848,0.33927324,0.37243336,0.27423126,0.29681185,0.51313776,0.44996825,0.23411916,0.3112784,0.42639962,0.33371884,0.18280531,0.24623793,0.51313776,0.46345207,0.42793176,0.47343066,0.32242513,0.42479536,0.3507806,0.51313776,0.34799305,0.3486929,0.43961418
Molly Bailey,1.0,0.975,0.59674925,0.8111111,0.76031786,0.8186937,0.5391503,0.5325477,0.476743,0.48153147,0.4870673,0.5392389,0.8436848,0.83125,0.875,1.0,0.41779935,0.83361924,0.6854067,1.0,0.64892656,0.46018893,1.0,0.8458537,0.8255132,0.3888889,0.8436848,0.8680556,0.5955488,0.6854939,0.0,0.5265267,1.0,0.8434959,1.0,0.92948717,0.56836975,0.7352941,0.71468514,0.8680556,1.0,0.7405337,1.0,0.5792602,0.8680556,0.83125,1.0,0.70208335,0.7352941,0.83125,0.65496767,0.60504204,0.71875,0.8680556,0.8680556,0.65496767,0.875,0.6876798,0.8680556,0.5344203,0.6257506,1.0,0.8768956,0.5265267,0.6066176,0.6621622,0.5672024,0.35625,0.53736776,1.0,0.62580335,0.4522388,0.92261904,0.59173065,0.80578697,0.81971157,1.0,0.6173611,0.8148329,0.85671765
Stephanie Shannon,0.7947154,0.77484757,0.51413614,0.647708,0.62979573,0.6506285,0.43053532,0.760101,0.41593418,0.38268048,0.3870799,0.5216223,0.79267764,0.70106924,0.73796767,0.7947154,0.33203158,0.66249007,0.6232279,0.7947154,0.9444444,0.36571923,0.7947154,0.7947154,0.79854417,0.31054497,0.79267764,0.91071427,0.5760926,0.6440506,0.495359,0.0,0.7947154,0.6986948,0.7947154,0.7386778,0.596301,0.5843496,0.58588296,0.91071427,0.7947154,0.58851355,0.7947154,0.47486457,0.71161264,0.70106924,0.79854417,0.73796767,0.77185315,0.70106924,0.5523942,0.5280612,0.5712017,0.71161264,0.71161264,0.55395293,0.73796767,0.54650974,0.91071427,0.42471206,0.91071427,0.7947154,0.6968824,1.0,0.4820884,0.5262305,0.45076448,0.28311735,0.44052213,0.7947154,0.6565571,0.39694068,0.73321956,0.4901496,0.757071,0.6821601,0.7947154,0.5206772,0.6475603,0.6808467
Matthew Stewart,1.0,0.975,0.59674925,0.8111111,0.76031786,0.8186937,0.5391503,0.5325477,0.476743,0.48153147,0.4870673,0.5392389,0.8436848,0.83125,0.875,1.0,0.41779935,0.83361924,0.6854067,1.0,0.64892656,0.46018893,1.0,0.8458537,0.8255132,0.3888889,0.8436848,0.8680556,0.5955488,0.6854939,0.57926875,0.5265267,0.0,0.8434959,1.0,0.92948717,0.56836975,0.7352941,0.71468514,0.8680556,1.0,0.7405337,1.0,0.5792602,0.8680556,0.83125,1.0,0.70208335,0.7352941,0.83125,0.65496767,0.60504204,0.71875,0.8680556,0.8680556,0.65496767,0.875,0.6876798,0.8680556,0.5344203,0.6257506,1.0,0.8768956,0.5265267,0.6066176,0.6621622,0.5672024,0.35625,0.53736776,1.0,0.62580335,0.38206884,0.92261904,0.59173065,0.80578697,0.81971157,1.0,0.6173611,0.8148329,0.85671765
Michael Rice,1.0,0.975,0.59674925,0.8111111,0.9013889,0.8186937,0.5391503,0.5325477,0.476743,0.48153147,0.4870673,0.5392389,0.8436848,0.83125,0.875,1.0,0.41779935,0.83361924,0.6854067,1.0,0.64892656,0.46018893,1.0,0.8458537,0.8255132,0.3888889,0.8436848,0.8680556,0.5955488,0.6854939,0.57926875,0.5265267,1.0,0.0,1.0,0.92948717,0.57946426,0.7352941,0.71468514,0.8680556,1.0,0.7405337,1.0,0.5792602,0.8680556,0.83125,1.0,0.70208335,0.7352941,0.83125,0.65496767,0.60504204,0.71875,0.8680556,0.8680556,0.65496767,0.875,0.6876798,0.8680556,0.5344203,0.6257506,1.0,0.8768956,0.5265267,0.6066176,0.6621622,0.5672024,0.35625,0.53736776,1.0,0.62580335,0.38573292,0.92261904,0.7015217,0.80578697,0.81971157,1.0,0.6173611,0.8148329,0.85671765
Tony Jones,1.0,0.975,0.59674925,0.6726287,0.7474932,0.6789167,0.44710025,0.4416249,0.39534786,0.39931878,0.40390947,0.44717374,0.77945966,0.69852936,0.7352941,1.0,0.36994487,0.691294,0.568386,0.8292683,0.5621053,0.38162008,0.8292683,0.78146344,0.6845719,0.32249323,0.77945966,0.74444675,0.49386972,0.633311,0.57926875,0.43818033,0.8292683,0.8292683,0.0,0.7707942,0.48743537,0.7352941,0.59266573,0.71985096,1.0,0.7405337,0.8292683,0.48036206,0.71985096,0.69852936,0.8292683,0.7007936,0.7352941,0.69852936,0.59749854,0.5017422,0.71875,0.71985096,0.71985096,0.59749854,0.7352941,0.5702711,0.71985096,0.5344203,0.5420301,1.0,0.8768956,0.43818033,0.6066176,0.5491101,0.5672024,0.35625,0.44562203,1.0,0.5366906,0.35671642,0.92261904,0.5817497,0.74444675,0.6797608,1.0,0.51879084,0.6757151,0.85671765
Colin Guzman,1.0,0.975,0.59674925,0.6726287,0.7474932,0.6789167,0.44710025,0.4416249,0.39534786,0.39931878,0.40390947,0.44717374,0.77945966,0.69852936,0.7352941,1.0,0.36994487,0.691294,0.568386,0.8292683,0.5621053,0.38162008,0.8292683,0.78146344,0.6845719,0.32249323,0.77945966,0.74444675,0.49386972,0.633311,0.57926875,0.43818033,0.8292683,0.8292683,1.0,0.0,0.48743537,0.7352941,0.59266573,0.71985096,1.0,0.7405337,0.8292683,0.48036206,0.71985096,0.69852936,0.8292683,0.7007936,0.7352941,0.69852936,0.59749854,0.5017422,0.71875,0.71985096,0.71985096,0.59749854,0.7352941,0.5702711,0.71985096,0.5344203,0.5420301,1.0,0.8768956,0.43818033,0.6066176,0.5491101,0.5672024,0.35625,0.44562203,1.0,0.5366906,0.35671642,0.92261904,0.5858663,0.74444675,0.6797608,1.0,0.51879084,0.87664783,0.85671765
Melissa Gray,0.79821426,0.7782589,0.47633377,0.7112088,0.64444447,0.5449812,0.47274467,0.46695533,0.5763042,0.32596388,0.3345543,0.7227421,0.6221758,0.7288673,0.7672287,0.79821426,0.33782184,0.57259214,0.5055424,0.66567165,0.47880757,0.30633473,0.66567165,0.62377524,0.87683284,0.34099054,0.6221758,1.0,0.79821426,0.72017044,0.4623806,0.36418536,0.66567165,0.6619338,0.79821426,0.6187332,0.0,0.5869222,0.5612981,0.5793408,0.79821426,0.67886764,0.66567165,0.50164956,0.57784,0.7288673,0.87683284,0.6156097,0.6111259,0.7288673,0.57429713,0.49579832,0.5737165,0.6187517,0.57784,0.57429713,0.7672287,0.45776898,0.5793408,0.42658192,0.4617073,0.79821426,0.6999506,0.36418536,0.48421085,0.6632883,0.51911825,0.2843638,0.3830368,0.79821426,0.72092545,0.66567165,0.7364477,0.5015502,0.66079277,0.54565877,0.79821426,0.54132247,0.54241115,0.68384427
Kelly Collins,0.90625,0.8835938,0.540804,0.73506945,0.68903804,0.74194115,0.48860496,0.48262137,0.46049544,0.4363879,0.44140476,0.56509936,0.90625,0.95,1.0,0.90625,0.45248872,0.7554674,0.6211498,0.90625,0.64102566,0.41704622,0.90625,0.7665549,0.86510265,0.35243055,0.76458937,0.86510265,0.62410975,0.6212288,0.5249623,0.5959253,0.90625,0.7644182,0.90625,0.84234774,0.5664363,0.0,0.6476834,0.7866754,0.90625,0.67110866,0.90625,0.52495456,0.7866754,0.95,0.90625,0.802381,1.0,0.95,0.74853444,0.54831934,0.6513672,0.7866754,0.7866754,0.7692308,1.0,0.62320983,0.7866754,0.5335711,0.6181319,0.90625,0.7946866,0.5959253,0.5497472,0.6000845,0.5140272,0.32285154,0.48698953,0.90625,0.6236745,0.3770606,0.8361235,0.5362559,0.73024446,0.90625,0.90625,0.70555556,0.73844236,0.7764004
Brett Hutchinson,0.75961536,0.740625,0.4566886,0.7112088,0.5678073,0.5571666,0.47274467,0.46695533,0.45671204,0.32770893,0.3345543,0.5727618,0.5985399,0.7288673,0.7672287,0.75961536,0.33782184,0.57259214,0.5498405,0.6805556,0.5143066,0.31318414,0.6805556,0.59361166,0.87683284,0.34099054,0.5985399,1.0,0.6325723,0.48631367,0.48705888,0.37185988,0.6805556,0.6299249,0.75961536,0.75961536,0.6547619,0.5585407,0.0,0.78174603,0.75961536,0.590696,0.6805556,0.50164956,0.6805556,0.7288673,0.87683284,0.6156097,0.6111259,0.7288673,0.57429713,0.51921314,0.54597354,0.6805556,0.6805556,0.57429713,0.7672287,0.46800435,0.8954545,0.40595388,0.55839,0.75961536,0.66610336,0.37185988,0.46079606,0.45063818,0.4516949,0.27061296,0.49848485,0.75961536,0.72092545,0.43585643,0.7008356,0.445033,0.6571429,0.5578593,0.75961536,0.54132247,0.66591513,0.6507759
Linda Gomez,0.73397434,0.715625,0.43799862,0.7112088,0.54864085,0.5726351,0.47274467,0.46695533,0.45671204,0.33680704,0.3345543,0.5727618,0.5721034,0.7288673,0.7672287,0.73397434,0.33782184,0.57259214,0.61403507,0.61403507,0.65789473,0.28257215,0.61403507,0.5735741,0.87683284,0.34099054,0.5721034,1.0,0.6325723,0.47154018,0.5439236,0.37995562,0.61403507,0.60866165,0.73397434,0.73397434,0.6547619,0.539687,0.5612981,0.0,0.73397434,0.590696,0.61403507,0.50164956,0.6142473,0.7288673,0.87683284,0.6156097,0.6111259,0.7288673,0.57429713,0.57983196,0.5275441,0.6187517,0.57578284,0.57429713,0.7672287,0.48099747,1.0,0.3922508,0.71428573,0.73397434,0.6436189,0.37995562,0.44524178,0.43429592,0.4516949,0.26147833,0.3830368,0.73397434,0.72092545,0.43585643,0.6771787,0.4300108,0.6571429,0.5271702,0.73397434,0.54132247,0.643437,0.62880874
Kyle Murray,1.0,0.975,0.4948652,0.6726287,0.7474932,0.6789167,0.44710025,0.4416249,0.39534786,0.39931878,0.40390947,0.44717374,0.69964105,0.69852936,0.7352941,0.8292683,0.36994487,0.691294,0.568386,0.8292683,0.5450617,0.38162008,0.8292683,0.7014396,0.6845719,0.32249323,0.69964105,0.7405337,0.49386972,0.5684583,0.5565812,0.43818033,0.8292683,0.8292683,0.8292683,0.7707942,0.48487327,0.7352941,0.59266573,0.71985096,0.0,0.7405337,0.8292683,0.48036206,0.71985096,0.69852936,0.8292683,0.7007936,0.7352941,0.69852936,0.57409704,0.5017422,0.71875,0.71985096,0.71985096,0.57409704,0.7352941,0.5702711,0.71985096,0.5344203,0.5255952,1.0,0.8425513,0.43818033,0.6066176,0.5491101,0.5672024,0.29542682,0.44562203,0.8292683,0.5338696,0.35671642,0.7650987,0.5817497,0.66821355,0.6797608,1.0,0.51879084,0.6757151,0.71044874
Pamela Larson,1.0,0.78886366,0.4828244,0.7112088,0.60479,0.5806773,0.47274467,0.46695533,0.45671204,0.35843167,0.38718936,0.5727618,0.6826177,0.7288673,0.7672287,0.8090909,0.33782184,0.6626774,0.5055424,0.68437254,0.5450617,0.31494066,0.8090909,0.68437254,0.87683284,0.34099054,0.6826177,1.0,0.6325723,0.5546269,0.5565812,0.39661494,0.68437254,0.67095345,0.8090909,0.7520396,0.6547619,0.66554475,0.5612981,0.5940734,0.8090909,0.0,0.68437254,0.50164956,0.5940734,0.7288673,0.87683284,0.7007936,0.66554475,0.7288673,0.57429713,0.49579832,0.5815341,0.6187517,0.5940734,0.57429713,0.7672287,0.5118798,0.5940734,0.43239462,0.5255952,0.8090909,0.8425513,0.39661494,0.4908088,0.53574944,0.76468253,0.2882386,0.3830368,0.8090909,0.72092545,0.43585643,0.7464827,0.47068837,0.6571429,0.61010927,1.0,0.54132247,0.6592739,0.69316244
Melissa Chen,1.0,0.975,0.59674925,0.8111111,0.76031786,0.8186937,0.5391503,0.5325477,0.476743,0.48153147,0.4870673,0.5392389,0.8436848,0.83125,0.875,1.0,0.41779935,0.83361924,0.6854067,1.0,0.64892656,0.46018893,1.0,0.8458537,0.8255132,0.3888889,0.8436848,0.8680556,0.5955488,0.6854939,0.57926875,0.5265267,1.0,0.8434959,1.0,0.92948717,0.56836975,0.7352941,0.71468514,0.8680556,1.0,0.7405337,0.0,0.5792602,0.8680556,0.83125,1.0,0.70208335,0.7352941,0.83125,0.65496767,0.60504204,0.71875,0.8680556,0.8680556,0.65496767,0.875,0.6876798,0.8680556,0.5344203,0.6257506,1.0,0.8768956,0.5265267,0.6066176,0.6621622,0.5672024,0.35625,0.53736776,1.0,0.62580335,0.38206884,0.92261904,0.59173065,0.80578697,0.81971157,1.0,0.6173611,0.8148329,0.85671765
Diana Reyes,0.65666205,0.6402455,0.44065478,0.8111111,0.51723784,0.5376051,0.54298645,0.5325477,0.42998138,0.54298645,0.38154858,0.5392389,0.6510093,0.83125,0.875,0.65666205,0.4711206,0.6530232,0.576555,0.65666205,0.54606485,0.3021886,0.65666205,0.6526829,0.8255132,0.3888889,0.6510093,0.8255132,0.5955488,0.5289451,0.38038382,0.38618317,0.65666205,0.5738232,0.65666205,0.61035895,0.5405146,0.5115429,0.5406412,0.65666205,0.65666205,0.48762733,0.65666205,0.0,0.65666205,0.83125,1.0,0.70208335,0.5753577,0.83125,0.65496767,0.40928805,0.47253728,0.70566666,0.65666205,0.65496767,0.875,0.45157325,0.65666205,0.35397968,0.5265625,0.65744317,0.5758241,0.38618317,0.39881662,0.43481678,0.3728801,0.23393585,0.43684128,0.65666205,0.5951335,0.38206884,0.6058489,0.40254945,0.6217663,0.60122085,0.65666205,0.6173611,0.5350699,0.5896523
Pamela Macdonald,0.73397434,0.715625,0.43799862,0.7112088,0.54864085,0.5726351,0.47274467,0.46695533,0.45671204,0.33680704,0.3345543,0.5727618,0.5721034,0.7288673,0.7672287,0.73397434,0.33782184,0.57259214,0.61403507,0.61403507,0.65789473,0.28257215,0.61403507,0.5735741,0.87683284,0.34099054,0.5721034,1.0,0.6325723,0.47154018,0.5439236,0.37995562,0.61403507,0.60866165,0.73397434,0.73397434,0.6547619,0.539687,0.8233173,1.0,0.73397434,0.590696,0.61403507,0.50164956,0.0,0.7288673,0.87683284,0.6156097,0.6111259,0.7288673,0.57429713,0.57983196,0.5275441,0.6187517,0.57578284,0.57429713,0.7672287,0.48099747,1.0,0.3922508,0.71428573,0.73397434,0.6436189,0.37995562,0.44524178,0.43429592,0.4516949,0.26147833,0.4104112,0.73397434,0.72092545,0.43585643,0.6771787,0.4300108,0.6571429,0.53125,0.73397434,0.54132247,0.643437,0.62880874
Jonathan Jennings,0.65587586,0.639479,0.39139342,0.6390996,0.59119916,0.5369614,0.42481324,0.41961086,0.48473206,0.37776008,0.31945568,0.3626492,0.5533525,1.0,0.57389134,0.65587586,0.46348885,0.5467507,0.4495417,0.65587586,0.6566092,0.3018268,0.65587586,0.554775,0.55517447,0.25506282,0.5533525,0.63315886,0.40051875,0.44959888,0.37992838,0.37921315,0.65587586,0.65587586,0.65587586,0.60962814,0.4145683,0.48226166,0.46874472,0.63315886,0.65587586,0.4856982,0.65587586,0.37992272,0.56933665,0.0,0.65587586,0.5130597,0.48226166,0.5451968,0.787931,0.39683247,0.56846595,0.56933665,0.56933665,0.787931,0.57389134,0.5394829,0.63315886,0.4226779,0.63315886,0.7909091,0.57513463,0.37921315,0.47977942,0.45518988,0.37201434,0.23365577,0.35244653,0.65587586,0.45646033,0.28213027,0.6051236,0.4601111,0.5284962,0.537629,0.65587586,0.4049122,0.5344292,0.56190044
Jill Stone,0.65666205,0.6402455,0.44065478,0.8111111,0.51723784,0.5376051,0.5391503,0.5325477,0.42998138,0.31620345,0.38154858,0.5392389,0.6510093,0.83125,0.875,0.65666205,0.3852751,0.6530232,0.576555,0.65666205,0.54606485,0.3021886,0.65666205,0.6526829,0.8255132,0.3888889,0.6510093,0.8255132,0.5955488,0.5289451,0.38038382,0.38618317,0.65666205,0.5738232,0.65666205,0.61035895,0.5405146,0.5115429,0.5406412,0.65666205,0.65666205,0.48762733,0.65666205,0.57211536,0.65666205,0.83125,0.0,0.70208335,0.5753577,0.83125,0.65496767,0.40928805,0.47253728,0.70566666,0.65666205,0.65496767,0.875,0.45157325,0.65666205,0.35397968,0.5265625,0.65744317,0.5758241,0.38618317,0.39881662,0.43481678,0.3728801,0.23393585,0.43684128,0.65666205,0.5951335,0.38206884,0.6058489,0.40254945,0.6217663,0.60122085,0.65666205,0.6173611,0.5350699,0.5896523
Sean Boone,0.8415385,0.7276544,0.4482003,0.825,0.5674345,0.6110011,0.54838234,0.5416667,0.46049544,0.3593728,0.4360555,0.47328207,0.68710953,0.95,1.0,0.7463122,0.44031438,0.7463122,0.51324654,0.7463122,0.7777778,0.34344462,0.7463122,0.6544715,0.72454077,0.32083333,0.65279335,0.82631576,0.5227045,0.5303946,0.49853647,0.449192,0.7463122,0.62951124,0.7463122,0.6936876,0.54104006,0.5961364,0.5498988,0.75,0.7463122,0.6231876,0.7463122,0.4789601,0.6679063,0.95,0.825,0.0,0.5961364,0.95,0.74853444,0.45155025,0.54004264,0.71775,0.6679063,0.74853444,1.0,0.5132238,0.75,0.4045482,0.75,0.75136364,0.7546833,0.449192,0.45579043,0.4941797,0.4765407,0.2658737,0.44432145,0.7463122,0.59571207,0.36015505,0.68856186,0.4416158,0.82631576,0.68710953,0.8415385,0.70555556,0.6081197,0.63937885
Morgan Kennedy DDS,0.62410975,0.60850704,0.38121164,0.70169437,0.4665178,0.46508357,0.46642035,0.46070844,0.45060214,0.27354842,0.33007866,0.56509936,0.56318986,0.71911657,0.7569648,0.62410975,0.3333025,0.56493205,0.49877927,0.56808007,0.5628183,0.26142415,0.56808007,0.5646377,0.86510265,0.33642882,0.56318986,0.86510265,0.62410975,0.4575918,0.36152726,0.5959253,0.56808007,0.5175544,0.62410975,0.5280231,0.5664363,0.4589042,0.48558044,0.56808007,0.62410975,0.5110127,0.56808007,0.49493852,0.56808007,0.71911657,0.86510265,0.60737413,0.0,0.71911657,0.5666142,0.42891645,0.4485789,0.6104741,0.56808007,0.5666142,0.7569648,0.39065722,0.56808007,0.33353692,0.54271764,0.62410975,0.5472791,0.5959253,0.37859598,0.37616113,0.39076248,0.2223391,0.37791255,0.62410975,0.6236745,0.3770606,0.57581556,0.36307564,0.56849605,0.5201177,0.62410975,0.53408074,0.46289036,0.6179305
Matthew Gill,0.7855918,0.765952,0.4688013,0.6390996,0.59729946,0.64315903,0.42481324,0.41961086,0.48473206,0.37828717,0.4590058,0.42362168,0.7232732,1.0,0.68739283,0.7855918,0.46348885,0.7855918,0.5384499,0.7855918,0.6566092,0.36152065,0.7855918,0.6644957,0.64851636,0.30550793,0.66279185,0.68193734,0.46785825,0.53851837,0.45506877,0.46458128,0.7855918,0.66264343,0.7855918,0.7301975,0.4465066,0.61539,0.5614508,0.68193734,0.7855918,0.5817572,0.7855918,0.45506203,0.68193734,1.0,0.7855918,0.5515509,0.61539,0.0,0.787931,0.47531605,0.56846595,0.68193734,0.68193734,0.787931,0.68739283,0.54023564,0.68193734,0.42584023,0.63315886,0.7909091,0.688882,0.46458128,0.47977942,0.52018917,0.44558954,0.27986705,0.4221517,0.7855918,0.491626,0.30015016,0.72480196,0.46485874,0.6330196,0.7232732,0.7855918,0.48499385,0.64012605,0.6730304
Dylan Wall,0.7012195,0.68368906,0.45364955,0.8111111,0.5557022,0.574084,0.5391503,0.5325477,0.61519605,0.44250736,0.34154108,0.460255,0.69942147,1.0,0.7097222,0.7012195,0.5882353,0.5845501,0.54990697,0.7012195,0.8333333,0.32269344,0.7012195,0.7012195,0.7045978,0.3154321,0.69942147,0.8035714,0.508317,0.5682799,0.43708146,0.4812771,0.7012195,0.6164955,0.7012195,0.6517745,0.52614796,0.5156026,0.5406412,0.8035714,0.7012195,0.5192767,0.7012195,0.47089678,0.65666205,0.6742361,0.8111111,0.65114796,0.5156026,0.6742361,0.0,0.4659364,0.5040015,0.70566666,0.65666205,1.0,0.7097222,0.5394829,0.8035714,0.37474594,0.8035714,0.7012195,0.6148963,0.4812771,0.42537212,0.5777027,0.39773336,0.24980944,0.43684128,0.7012195,0.57931507,0.35024175,0.6469585,0.5424012,0.66800386,0.601906,0.7012195,0.50074846,0.57137674,0.6007471
Justin Sanchez,1.0,0.975,0.59674925,0.8111111,0.76031786,0.8186937,0.5391503,0.5325477,0.476743,0.48153147,0.4870673,0.5727618,0.8436848,0.83125,0.875,1.0,0.41779935,0.83361924,0.6854067,1.0,0.64892656,0.46018893,1.0,0.8458537,0.87683284,0.3888889,0.8436848,1.0,0.6325723,0.6854939,0.57926875,0.5265267,1.0,0.8434959,1.0,0.92948717,0.6547619,0.7352941,0.71468514,0.8730159,1.0,0.7405337,1.0,0.5792602,0.8680556,0.83125,1.0,0.70208335,0.7352941,0.83125,0.65496767,0.0,0.71875,0.8680556,0.8680556,0.65496767,0.875,0.6876798,1.0,0.5344203,0.6257506,1.0,0.8768956,0.5265267,0.6066176,0.6621622,0.5672024,0.35625,0.53736776,1.0,0.72092545,0.43585643,0.92261904,0.59173065,0.80578697,0.81971157,1.0,0.6173611,0.8148329,0.85671765
Isaac Shaw,0.5113821,0.49859756,0.30516687,0.4147877,0.46095416,0.4186653,0.38719392,0.3114173,0.24379785,0.38719392,0.24907751,0.27575713,0.43144533,0.42508635,0.44745934,0.5113821,0.5147059,0.426298,0.35050473,0.5113821,0.42479733,0.23533238,0.5113821,0.43255442,0.4221527,0.19887082,0.43144533,0.4439081,0.304553,0.3505493,0.29622766,0.26925635,0.5113821,0.5113821,0.5113821,0.4753231,0.29632765,0.37601626,0.3654772,0.4439081,0.5113821,0.3786957,0.5113821,0.29622328,0.4439081,0.42508635,0.5113821,0.35903284,0.37601626,0.42508635,0.33493873,0.30940768,0.0,0.4439081,0.4439081,0.5097568,0.44745934,0.35166717,0.4439081,0.3295592,0.40962598,0.6166667,0.44842872,0.26925635,0.37408087,0.33861792,0.29005715,0.18217987,0.55670995,0.5113821,0.32002464,0.21997513,0.47181088,0.35874563,0.41206503,0.41918585,0.5113821,0.31570742,0.41669098,0.43811008
Susan Riley MD,0.9305556,0.9072917,0.62445176,0.7547839,0.70751804,0.76184,0.50170934,0.49556524,0.44363588,0.44809178,0.4532432,0.53298664,0.87948716,0.77352434,0.81423616,0.9305556,0.3887855,0.77572906,0.63780904,0.9305556,0.69564927,0.42823136,0.9305556,0.78711385,0.8159417,0.36188275,0.87948716,0.9305556,0.58864367,0.71458334,0.53904176,0.5464063,0.9305556,0.7849198,0.9305556,0.86493945,0.6092923,0.68423206,0.7661425,0.9305556,0.9305556,0.6891078,0.9305556,0.6673077,0.9305556,0.77352434,0.9305556,0.6533276,0.68423206,0.77352434,0.60948384,0.56302524,0.66883683,0.0,0.9305556,0.60948384,0.81423616,0.6399243,0.9305556,0.4973078,0.6708046,0.9305556,0.8160001,0.5464063,0.56449145,0.6161787,0.5278134,0.33151042,0.61904764,0.9305556,0.6708612,0.40558863,0.8585483,0.55063826,0.74982953,0.76278716,0.9305556,0.5744889,0.7582473,0.7972234
Kathleen Duncan,1.0,0.975,0.67105263,0.8111111,0.76031786,0.8186937,0.5391503,0.5325477,0.476743,0.48153147,0.4870673,0.5727618,0.87948716,0.83125,0.875,1.0,0.41779935,0.83361924,0.6854067,1.0,0.74756336,0.46018893,1.0,0.8458537,0.87683284,0.3888889,0.87948716,1.0,0.6325723,0.71458334,0.57926875,0.5464063,1.0,0.8434959,1.0,0.92948717,0.6547619,0.7352941,0.8233173,1.0,1.0,0.7405337,1.0,0.6673077,1.0,0.83125,1.0,0.70208335,0.7352941,0.83125,0.65496767,0.60504204,0.71875,1.0,0.0,0.65496767,0.875,0.6876798,1.0,0.5344203,0.72086465,1.0,0.8768956,0.5464063,0.6066176,0.6621622,0.5672024,0.35625,0.61904764,1.0,0.72092545,0.43585643,0.92261904,0.59173065,0.80578697,0.81971157,1.0,0.6173611,0.8148329,0.85671765
Amy Murphy,0.7012195,0.68368906,0.45364955,0.5715071,0.5557022,0.574084,0.44250736,0.37523195,0.36700073,0.44250736,0.34154108,0.460255,0.69942147,0.61859053,0.65114796,0.7012195,0.5882353,0.5845501,0.54990697,0.7012195,0.8333333,0.32269344,0.7012195,0.7012195,0.7045978,0.27401024,0.69942147,0.8035714,0.508317,0.5682799,0.43708146,0.4812771,0.7012195,0.6164955,0.7012195,0.6517745,0.52614796,0.5156026,0.51695555,0.8035714,0.7012195,0.5192767,0.7012195,0.41899815,0.6278935,0.61859053,0.7045978,0.65114796,0.5156026,0.61859053,0.53827584,0.4659364,0.5040015,0.6278935,0.6278935,0.0,0.65114796,0.4822145,0.8035714,0.37474594,0.8035714,0.7012195,0.6148963,0.4812771,0.42537212,0.46432105,0.39773336,0.24980944,0.38869599,0.7012195,0.57931507,0.35024175,0.6469585,0.5424012,0.66800386,0.601906,0.7012195,0.45942107,0.57137674,0.6007471
Brooke Franklin,0.7463122,0.7276544,0.44536126,0.6619643,0.5674345,0.6110011,0.44001156,0.43462303,0.46049544,0.3593728,0.4360555,0.46471688,0.68710953,0.95,1.0,0.7463122,0.44031438,0.7463122,0.51152736,0.7463122,0.6240741,0.34344462,0.7463122,0.6312709,0.6262514,0.29501915,0.62965226,0.6630201,0.45179564,0.51159245,0.43231535,0.44135222,0.7463122,0.62951124,0.7463122,0.6936876,0.4341203,0.5846205,0.53337824,0.64784044,0.7463122,0.55266935,0.7463122,0.43401855,0.64784044,0.95,0.7586207,0.802381,0.5846205,0.95,0.74853444,0.45155025,0.54004264,0.64784044,0.64784044,0.74853444,0.0,0.5132238,0.64784044,0.4045482,0.6017857,0.75136364,0.6544379,0.44135222,0.45579043,0.4941797,0.42331007,0.2658737,0.4010441,0.7463122,0.47798803,0.28984532,0.68856186,0.4416158,0.6630201,0.68710953,0.7463122,0.70555556,0.6081197,0.63937885
Jason Mccall,1.0,0.8024113,0.49111626,0.66753304,0.7418304,0.7286036,0.70022625,0.563187,0.48473206,0.70022625,0.40084955,0.44378605,0.69434077,1.0,0.7201127,0.82298595,0.60754925,0.686057,0.56408006,0.82298595,0.6566092,0.37872902,0.82298595,0.6961257,0.6793858,0.3200501,0.69434077,0.7405337,0.49012828,0.6115057,0.5565812,0.43332407,0.82298595,0.82298595,0.82298595,0.76495486,0.48487327,0.66554475,0.58817583,0.71439755,0.82298595,0.7405337,0.82298595,0.47672296,0.71439755,0.684107,0.82298595,0.7007936,0.66554475,0.684107,0.787931,0.4979411,0.71330494,0.71439755,0.71439755,0.787931,0.7201127,0.0,0.71439755,0.53037167,0.63315886,0.99242425,0.8425513,0.43332407,0.60202205,0.5449502,0.5662732,0.29318875,0.4422461,0.82298595,0.5338696,0.35401404,0.7593025,0.5773425,0.6631513,0.6746111,1.0,0.50807947,0.67059606,0.70506656
Michelle Rivera,0.73397434,0.715625,0.43799862,0.7112088,0.54864085,0.5726351,0.47274467,0.46695533,0.45671204,0.33680704,0.3345543,0.5727618,0.5721034,0.7288673,0.7672287,0.73397434,0.33782184,0.57259214,0.61403507,0.61403507,0.57435256,0.28257215,0.61403507,0.5735741,0.87683284,0.34099054,0.5721034,1.0,0.6325723,0.47154018,0.5439236,0.36418536,0.61403507,0.60866165,0.73397434,0.73397434,0.6547619,0.539687,0.5612981,0.8730159,0.73397434,0.590696,0.61403507,0.50164956,0.57578284,0.7288673,0.87683284,0.6156097,0.6111259,0.7288673,0.57429713,0.57983196,0.5275441,0.6187517,0.57578284,0.57429713,0.7672287,0.48099747,0.0,0.3922508,0.6235828,0.73397434,0.6436189,0.36418536,0.44524178,0.43429592,0.4516949,0.26147833,0.3830368,0.73397434,0.72092545,0.43585643,0.6771787,0.4300108,0.6571429,0.5271702,0.73397434,0.54132247,0.643437,0.62880874
Rebecca Kelly,0.64903843,0.6328125,0.3873132,0.5264423,0.49347553,0.53136367,0.34992927,0.34564394,0.30942455,0.31253242,0.3161254,0.3499868,0.64903843,0.53951323,0.56790864,0.64903843,0.27116784,0.5410509,0.44485527,0.64903843,0.42117828,0.2986803,0.64903843,0.54899156,0.5357898,0.25240383,0.5475839,0.56340146,0.38653407,0.44491187,0.37596768,0.41689792,0.64903843,0.5474613,0.64903843,0.6032729,0.3688938,0.5522281,0.46385813,0.56340146,0.64903843,0.48063484,0.64903843,0.3759621,0.56340146,0.53951323,0.64903843,0.4556791,0.5522281,0.53951323,0.4250992,0.39269555,0.46649638,0.56340146,0.56340146,0.4250992,0.56790864,0.44633064,0.56340146,0.0,0.40613618,0.64903843,0.56913894,0.41689792,0.39371815,0.4297687,0.36813614,0.23121993,0.34877232,0.64903843,0.40617043,0.24797736,0.5988152,0.38405594,0.5229867,0.64903843,0.64903843,0.4006911,0.5288579,0.5560427
Philip Barnes,0.77503204,0.75565624,0.50140214,0.7112088,0.6141971,0.63451385,0.47274467,0.46695533,0.45671204,0.3732023,0.3774928,0.5727618,0.77304476,0.76980156,0.81031746,0.77503204,0.35679442,0.6460816,0.61403507,0.77503204,0.92105263,0.35666117,0.77503204,0.77503204,0.87683284,0.34099054,0.77304476,1.0,0.6325723,0.62809885,0.5439236,0.53193784,0.77503204,0.6813897,0.77503204,0.73397434,0.6547619,0.5698765,0.571372,1.0,0.77503204,0.590696,0.77503204,0.50164956,0.69398755,0.76980156,0.87683284,0.81031746,0.6111259,0.76980156,0.6065505,0.57983196,0.5570543,0.69398755,0.69398755,0.6065505,0.81031746,0.5329739,1.0,0.41419286,0.0,0.77503204,0.6796222,0.53193784,0.4701481,0.5131969,0.4516949,0.27610517,0.42961136,0.77503204,0.72092545,0.43585643,0.71505934,0.47800964,0.73832,0.6652645,0.77503204,0.571724,0.643437,0.66398364
Samuel Roberson,0.8292683,0.8085366,0.4948652,0.6726287,0.7474932,0.6789167,0.44710025,0.4416249,0.39534786,0.39931878,0.40390947,0.44717374,0.69964105,0.6893292,0.7256097,0.8292683,0.36994487,0.691294,0.568386,0.8292683,0.5381342,0.38162008,0.8292683,0.7014396,0.6845719,0.32249323,0.69964105,0.71985096,0.49386972,0.5684583,0.4803692,0.4366319,0.8292683,0.8292683,0.8292683,0.7707942,0.48053133,0.60975605,0.59266573,0.71985096,0.8292683,0.6141011,0.8292683,0.48036206,0.71985096,0.6893292,0.8292683,0.5822154,0.60975605,0.6893292,0.54314387,0.5017422,0.71875,0.71985096,0.71985096,0.54314387,0.7256097,0.5702711,0.71985096,0.5344203,0.5189151,0.0,0.72718173,0.4366319,0.6066176,0.5491101,0.47036296,0.29542682,0.44562203,0.8292683,0.51895887,0.35671642,0.7650987,0.5817497,0.66821355,0.6797608,0.8292683,0.51195794,0.6757151,0.71044874
Jessica Ramirez,0.72698414,0.70880955,0.43382725,0.5806431,0.5442822,0.6891892,0.4053607,0.38123035,0.41918185,0.4053607,0.3486727,0.446381,0.7158614,0.75042015,0.789916,0.72698414,0.40081137,0.5967558,0.49065617,0.7158614,0.5678161,0.33575884,0.7158614,0.605514,0.68335843,0.27839053,0.60396135,0.68335843,0.49299425,0.4907186,0.6605903,0.4707309,0.7158614,0.60382617,0.72698414,0.665384,0.44743708,0.789916,0.5116155,0.62140745,0.72698414,0.53835624,0.7158614,0.41467,0.62140745,0.75042015,0.7158614,0.63381356,0.789916,0.75042015,0.6813793,0.43312624,0.5225198,0.62140745,0.62140745,0.6813793,0.789916,0.5788996,0.6578624,0.42147636,0.5475369,0.72698414,0.0,0.4707309,0.49632353,0.47401634,0.41234714,0.25898808,0.38468084,0.72698414,0.49265045,0.29874456,0.72698414,0.42359713,0.57683176,0.7158614,0.72698414,0.5573296,0.58330745,0.6750567
Thomas Ruiz,0.5878286,0.5731329,0.4207629,0.47909135,0.51541734,0.48125154,0.31845483,0.5622253,0.30765477,0.28305796,0.28631207,0.3858293,0.64871794,0.5185611,0.54585385,0.5878286,0.24559441,0.49002522,0.46098408,0.5878286,0.6985789,0.2705122,0.5878286,0.5878286,0.5906606,0.22970134,0.64871794,0.67362964,0.42611945,0.52708334,0.36640307,0.73967177,0.5878286,0.5718035,0.5878286,0.54637915,0.44106704,0.47500008,0.4333611,0.67362964,0.5878286,0.43530688,0.5878286,0.35124394,0.5263598,0.5185611,0.5906606,0.54585385,0.57091796,0.5185611,0.4085904,0.39059198,0.4225018,0.5263598,0.5263598,0.40974334,0.54585385,0.40423787,0.67362964,0.3286926,0.67362964,0.5878286,0.5154643,0.0,0.35658717,0.40033492,0.33341777,0.20941393,0.32584178,0.5878286,0.48563674,0.2936058,0.5423418,0.40113255,0.559984,0.5582717,0.5878286,0.38513023,0.4789821,0.5036031
Dennis Williams,1.0,0.975,0.59674925,0.8111111,0.76031786,0.8186937,0.5391503,0.5325477,0.476743,0.48153147,0.4870673,0.5392389,0.8436848,0.83125,0.875,1.0,0.41779935,0.83361924,0.6854067,1.0,0.64892656,0.46018893,1.0,0.8458537,0.8255132,0.3888889,0.8436848,0.8680556,0.5955488,0.6854939,0.57926875,0.5265267,1.0,0.8434959,1.0,0.92948717,0.56836975,0.7352941,0.71468514,0.8680556,1.0,0.7405337,1.0,0.5792602,0.8680556,0.83125,1.0,0.70208335,0.7352941,0.83125,0.65496767,0.60504204,0.71875,0.8680556,0.8680556,0.65496767,0.875,0.6876798,0.8680556,0.5344203,0.6257506,1.0,0.8768956,0.5265267,0.0,0.6621622,0.5672024,0.35625,0.53736776,1.0,0.62580335,0.38206884,0.92261904,0.59173065,0.80578697,0.81971157,1.0,0.6173611,0.8148329,0.85671765
Eric Vargas,0.6363636,0.62045455,0.4523617,0.5033725,0.55939853,0.5080782,0.33459464,0.33049712,0.29807585,0.29883662,0.30453095,0.36137104,0.6974359,0.5158706,0.5430217,0.6363636,0.2592847,0.5212069,0.4253608,0.62059623,0.40647054,0.2855915,0.6363636,0.5650932,0.5123104,0.24134298,0.6974359,0.538712,0.39910713,0.56666666,0.37099716,0.3855257,0.62059623,0.62059623,0.6363636,0.5914918,0.5,0.51067203,0.44353092,0.538712,0.6363636,0.47124872,0.62059623,0.35948667,0.538712,0.5158706,0.62059623,0.44595957,0.51067203,0.5158706,0.4351724,0.37548682,0.45738634,0.538712,0.538712,0.4351724,0.5430217,0.42677152,0.538712,0.353377,0.39195377,0.6363636,0.55802447,0.3855257,0.3860294,0.0,0.36094698,0.22670454,0.3334884,0.6363636,0.3883712,0.33283582,0.5871212,0.4353617,0.5383256,0.60019726,0.6363636,0.38313195,0.51853,0.54518396
Rebecca Ballard,0.7893978,0.6227272,0.3811405,0.5614267,0.47741985,0.45838535,0.3731836,0.3686135,0.37569132,0.36993086,0.30564642,0.47115386,0.5388569,0.5753662,0.60564864,0.6386946,0.32096943,0.52311605,0.39907402,0.54024214,0.4302705,0.24861346,0.6386946,0.54024214,0.6921699,0.2691772,0.5388569,0.7893978,0.49935117,0.43782124,0.43936396,0.31308696,0.54024214,0.52964914,0.6386946,0.5936584,0.5168676,0.52537954,0.44308746,0.46896023,0.6386946,0.7893978,0.54024214,0.39600104,0.46896023,0.5753662,0.6921699,0.55320495,0.52537954,0.5753662,0.45334888,0.3913821,0.4590617,0.48844123,0.46896023,0.45334888,0.60564864,0.5283019,0.46896023,0.34133136,0.41490367,0.6386946,0.66510814,0.31308696,0.3874434,0.42291942,0.0,0.22753492,0.3023684,0.6386946,0.5690969,0.3440641,0.5892718,0.37156036,0.51874715,0.4816189,0.7893978,0.42731875,0.5204294,0.5471809
Christina Ross,0.3370256,0.3286,0.2180366,0.27481547,0.26708594,0.27592075,0.36506855,0.29362205,0.2090793,0.36506855,0.1839171,0.22121136,0.33616143,0.2973118,0.31295982,0.3370256,0.4852941,0.28095105,0.26430058,0.3370256,0.4005232,0.15509544,0.3370256,0.3370256,0.3386493,0.13169695,0.33616143,0.3862188,0.2443113,0.27313116,0.21007352,0.23131518,0.3370256,0.29630488,0.3370256,0.31326097,0.25288135,0.24781296,0.24846323,0.3862188,0.3370256,0.24957883,0.3370256,0.23413531,0.30178308,0.2973118,0.3386493,0.31295982,0.24781296,0.2973118,0.25871035,0.223942,0.28814337,0.30178308,0.30178308,0.48062783,0.31295982,0.23176572,0.3862188,0.18011333,0.3862188,0.3370256,0.29553628,0.23131518,0.20444568,0.22316562,0.19116174,0.0,0.18681811,0.3370256,0.27843496,0.16833594,0.31094626,0.2606931,0.32106125,0.28929278,0.3370256,0.22081055,0.27461958,0.2887358
Alexandra Christensen,0.6560417,0.6396406,0.4402385,0.5321227,0.7736111,0.5370972,0.38719392,0.4911616,0.31276327,0.38719392,0.31953645,0.3757556,0.62003845,0.54533464,0.5740365,0.6560417,0.5147059,0.54688895,0.44965535,0.6560417,0.49043274,0.30190313,0.6560417,0.55491525,0.5752389,0.2551273,0.62003845,0.6560417,0.4149938,0.50378126,0.38002443,0.38521644,0.6560417,0.55336845,0.6560417,0.60978234,0.49732143,0.48238358,0.54013044,0.6560417,0.6560417,0.48582098,0.6560417,0.4704519,0.6560417,0.54533464,0.6560417,0.46059597,0.48238358,0.54533464,0.42968607,0.3969328,1.0,0.705,0.6560417,0.5097568,0.5740365,0.45114663,0.6560417,0.350602,0.47291726,0.6560417,0.5752801,0.38521644,0.39796644,0.43440598,0.3721084,0.23371485,0.0,0.6560417,0.47295713,0.33105278,0.6052765,0.6020764,0.52862984,0.53776497,0.6560417,0.40501463,0.5345644,0.5620425
William Berger PhD,1.0,0.975,0.59674925,0.6726287,0.7474932,0.6789167,0.44710025,0.4416249,0.39534786,0.39931878,0.40390947,0.44717374,0.77945966,0.69852936,0.7352941,1.0,0.36994487,0.691294,0.568386,0.8292683,0.5621053,0.38162008,0.8292683,0.78146344,0.6845719,0.32249323,0.77945966,0.74444675,0.49386972,0.633311,0.57926875,0.43818033,0.8292683,0.8292683,1.0,0.7707942,0.48743537,0.7352941,0.59266573,0.71985096,1.0,0.7405337,0.8292683,0.48036206,0.71985096,0.69852936,0.8292683,0.7007936,0.7352941,0.69852936,0.59749854,0.5017422,0.71875,0.71985096,0.71985096,0.59749854,0.7352941,0.5702711,0.71985096,0.5344203,0.5420301,1.0,0.8768956,0.43818033,0.6066176,0.5491101,0.5672024,0.35625,0.44562203,0.0,0.5366906,0.35671642,0.92261904,0.5817497,0.74444675,0.6797608,1.0,0.51879084,0.6757151,0.85671765
Dustin Henry,0.6325723,0.616758,0.38638058,0.7112088,0.4728435,0.47138977,0.47274467,0.46695533,0.45671204,0.27725756,0.3345543,0.5727618,0.57082635,0.7288673,0.7672287,0.6325723,0.33782184,0.57259214,0.5055424,0.57578284,0.47880757,0.26496887,0.57578284,0.5722938,0.87683284,0.34099054,0.57082635,1.0,0.6325723,0.47154018,0.36642936,0.36418536,0.57578284,0.52457213,0.6325723,0.5351828,0.6547619,0.46512666,0.5612981,0.57578284,0.6325723,0.590696,0.57578284,0.50164956,0.57578284,0.7288673,0.87683284,0.6156097,0.6111259,0.7288673,0.57429713,0.49579832,0.45466134,0.6187517,0.57578284,0.57429713,0.7672287,0.39595425,0.57578284,0.33805948,0.4617073,0.6325723,0.55469984,0.36418536,0.38372952,0.43429592,0.4516949,0.22535387,0.3830368,0.6325723,0.0,0.43585643,0.58362323,0.36799872,0.6571429,0.5271702,0.6325723,0.54132247,0.46916682,0.6263092
Barry Vaughn,1.0,0.975,0.59674925,0.8111111,0.94722223,0.8186937,0.5391503,0.5325477,0.476743,0.48153147,0.4870673,0.5392389,0.8436848,0.83125,0.875,1.0,0.41779935,0.83361924,0.6854067,1.0,0.64892656,0.46018893,1.0,0.8458537,0.8255132,0.3888889,0.8436848,0.8680556,0.5955488,0.6854939,0.61163193,0.5265267,1.0,0.8434959,1.0,0.92948717,0.60892856,0.7352941,0.71468514,0.8680556,1.0,0.7405337,1.0,0.5792602,0.8680556,0.83125,1.0,0.70208335,0.7352941,0.83125,0.65496767,0.60504204,0.71875,0.8680556,0.8680556,0.65496767,0.875,0.6876798,0.8680556,0.5344203,0.6257506,1.0,0.8768956,0.5265267,0.6066176,0.6621622,0.5672024,0.35625,0.53736776,1.0,0.62580335,0.0,0.92261904,0.7371923,0.80578697,0.81971157,1.0,0.6173611,0.8148329,0.85671765
Robert Gill,1.0,0.975,0.59674925,0.6726287,0.7474932,0.6789167,0.44710025,0.4416249,0.39534786,0.39931878,0.40390947,0.45180583,0.77945966,0.69852936,0.7352941,1.0,0.36994487,0.691294,0.568386,0.8292683,0.5621053,0.38162008,0.8292683,0.78146344,0.69166315,0.32249323,0.77945966,0.74444675,0.49898556,0.633311,0.57926875,0.43818033,0.8292683,0.8292683,1.0,0.7707942,0.48743537,0.7352941,0.59266573,0.71985096,1.0,0.7405337,0.8292683,0.48036206,0.71985096,0.69852936,0.8292683,0.7007936,0.7352941,0.69852936,0.59749854,0.5017422,0.71875,0.71985096,0.71985096,0.59749854,0.7352941,0.5702711,0.71985096,0.5344203,0.5420301,1.0,0.8768956,0.43818033,0.6066176,0.5491101,0.5672024,0.35625,0.44562203,1.0,0.5366906,0.35671642,0.0,0.5817497,0.74444675,0.6797608,1.0,0.51879084,0.6757151,0.9285714
Benjamin Carpenter,0.8605769,0.8390625,0.5147059,0.6980235,0.95555556,0.7045489,0.46398032,0.45829827,0.41027403,0.4143949,0.4191589,0.46405658,1.0,0.71535456,0.7530048,0.8605769,0.48076925,0.71739346,0.5898452,0.8605769,0.68108976,0.39602798,0.8605769,0.72792214,0.7104176,0.33466882,0.7260557,0.7470286,0.51251554,0.5899202,0.49850532,0.5527758,0.8605769,0.72589314,0.8605769,0.8557692,0.6142857,0.73221356,0.61504155,0.7470286,0.8605769,0.63728625,0.8605769,0.49849793,0.7470286,0.71535456,0.8605769,0.6041967,0.73221356,0.71535456,0.5636501,0.5206852,0.6185397,0.7470286,0.7470286,0.8173077,0.7530048,0.5918014,0.7470286,0.50668025,0.6567651,0.8605769,0.7546361,0.5527758,0.52204114,0.5698415,0.4881213,0.3065805,0.4624463,0.8605769,0.5385519,0.40891257,0.79398465,0.0,0.6934417,0.8605769,0.8605769,0.5312867,0.7502082,0.7372714
Rachel Duran,0.6325723,0.616758,0.38638058,0.7112088,0.4728435,0.47138977,0.47274467,0.46695533,0.45671204,0.27725756,0.3345543,0.5727618,0.57082635,0.7288673,0.7672287,0.6325723,0.33782184,0.57259214,0.5055424,0.57578284,0.47880757,0.26496887,0.57578284,0.5722938,0.87683284,0.34099054,0.57082635,1.0,0.6325723,0.47154018,0.36642936,0.36418536,0.57578284,0.52457213,0.6325723,0.5351828,0.6547619,0.46512666,0.5612981,0.57578284,0.6325723,0.590696,0.57578284,0.50164956,0.57578284,0.7288673,0.87683284,0.6156097,0.6111259,0.7288673,0.57429713,0.49579832,0.45466134,0.6187517,0.57578284,0.57429713,0.7672287,0.39595425,0.57578284,0.33805948,0.4617073,0.6325723,0.55469984,0.36418536,0.38372952,0.43429592,0.4516949,0.22535387,0.3830368,0.6325723,0.72092545,0.43585643,0.58362323,0.36799872,0.0,0.5271702,0.6325723,0.54132247,0.46916682,0.6263092
Karen Edwards,1.0,0.975,0.59674925,0.8111111,0.76031786,0.8186937,0.5391503,0.5325477,0.476743,0.48153147,0.4870673,0.5392389,1.0,0.83125,0.875,1.0,0.41779935,0.83361924,0.6854067,1.0,0.64892656,0.46018893,1.0,0.8458537,0.8255132,0.3888889,0.8436848,0.8680556,0.5955488,0.6854939,0.57926875,0.64233166,1.0,0.8434959,1.0,0.92948717,0.56836975,0.85084033,0.71468514,0.8680556,1.0,0.7405337,1.0,0.5792602,0.8680556,0.83125,1.0,0.70208335,0.85084033,0.83125,0.65496767,0.60504204,0.71875,0.8680556,0.8680556,0.65496767,0.875,0.6876798,0.8680556,0.5887681,0.6257506,1.0,0.8768956,0.64233166,0.6066176,0.6621622,0.5672024,0.35625,0.53736776,1.0,0.62580335,0.38206884,0.92261904,0.59173065,0.80578697,0.0,1.0,0.6173611,0.8148329,0.85671765
Emily Benitez,1.0,0.78886366,0.4828244,0.57815474,0.60479,0.5806773,0.38430285,0.37959656,0.37898216,0.35843167,0.38718936,0.4241494,0.6826177,0.66575396,0.7007936,0.8090909,0.33770415,0.6626774,0.4690735,0.68437254,0.5450617,0.31494066,0.8090909,0.68437254,0.6493243,0.26614487,0.6826177,0.7405337,0.4684411,0.5546269,0.5565812,0.39661494,0.68437254,0.67095345,0.8090909,0.7520396,0.48487327,0.66554475,0.48911092,0.5940734,0.8090909,0.7405337,0.68437254,0.39642975,0.5940734,0.66575396,0.68437254,0.7007936,0.66554475,0.66575396,0.57409704,0.41407415,0.5815341,0.5940734,0.5940734,0.57409704,0.7007936,0.5118798,0.5940734,0.43239462,0.5255952,0.8090909,0.8425513,0.39661494,0.4908088,0.53574944,0.5662732,0.2882386,0.36775973,0.8090909,0.5338696,0.3227664,0.7464827,0.47068837,0.6519549,0.61010927,0.0,0.49444884,0.6592739,0.69316244
Jamie Key,0.92628205,0.90312505,0.5527581,0.6230439,0.69238955,0.62886834,0.41414094,0.40906924,0.52520114,0.3698818,0.3741341,0.65865386,0.72199947,0.6470352,0.6810897,0.92628205,0.3426733,0.64033324,0.52648574,0.7681363,0.520668,0.35348782,0.7681363,0.72385556,0.6341067,0.29871967,0.72199947,0.6895677,0.45746267,0.58662456,0.53656626,0.40587857,0.7681363,0.7681363,0.92628205,0.92628205,0.45150265,0.6810897,0.54897565,0.666785,0.92628205,0.68594307,0.7681363,0.44495076,0.666785,0.6470352,0.7681363,0.64913255,0.6810897,0.6470352,0.5534522,0.4647548,0.6657652,0.666785,0.666785,0.5534522,0.6810897,0.52823186,0.666785,0.49502394,0.50207275,0.92628205,0.81225264,0.40587857,0.561899,0.5086308,0.5253894,0.32998797,0.41277167,0.92628205,0.4971269,0.33042002,0.85460544,0.5426774,0.6895677,0.62965024,0.92628205,0.0,0.81202316,0.7935622
Randy Woodard,0.13782051,0.134375,0.082244284,0.09270203,0.10301989,0.093568645,0.061619587,0.06086497,0.054487046,0.05503432,0.05566701,0.061629713,0.107425526,0.09627167,0.10133861,0.13782051,0.050985992,0.09527449,0.078335255,0.11429018,0.07746964,0.052595075,0.11429018,0.10770169,0.09434805,0.04444618,0.107425526,0.10260003,0.068065375,0.087283246,0.07983512,0.060390238,0.11429018,0.11429018,0.13782051,0.13782051,0.06717859,0.10133861,0.0816815,0.099210225,0.13782051,0.102060735,0.11429018,0.06620374,0.099210225,0.09627167,0.11429018,0.09658374,0.10133861,0.09627167,0.08234756,0.069150366,0.099058494,0.099210225,0.099210225,0.08234756,0.10133861,0.07859505,0.099210225,0.07365408,0.07470287,0.13782051,0.1208542,0.060390238,0.08360435,0.07567864,0.078172125,0.049098555,0.061415855,0.13782051,0.07396697,0.04916284,0.12715583,0.08074439,0.10260003,0.093684986,0.13782051,0.07150002,0.0,0.11807326
Michael Baker,0.5373691,0.52393484,0.3282297,0.60417074,0.40167972,0.40044487,0.40159583,0.39667776,0.38797608,0.23552984,0.28420332,0.48656014,0.48491603,0.6191715,0.6517595,0.5373691,0.28697908,0.48641607,0.4294574,0.4891266,0.40674624,0.22509064,0.4891266,0.48616263,0.74486804,0.2896709,0.48491603,0.74486804,0.5373691,0.3939943,0.3112811,0.30937487,0.4891266,0.44562313,0.5373691,0.4546369,0.48771122,0.39512432,0.418093,0.4891266,0.5373691,0.43999055,0.4891266,0.42615044,0.4891266,0.6191715,0.74486804,0.5229594,0.51915044,0.6191715,0.48786443,0.36930433,0.38623402,0.52562857,0.4891266,0.48786443,0.6517595,0.33636248,0.4891266,0.28718096,0.39221957,0.5373691,0.4712166,0.30937487,0.32597756,0.32388112,0.33645308,0.19143772,0.32538912,0.5373691,0.53699434,0.32465553,0.49578694,0.3126143,0.48948473,0.44783017,0.5373691,0.45985255,0.39855644,0.0
